{
  "dataset": "Kaggle voice.csv (local)",
  "rows": 3168,
  "target": "label",
  "pitch": {
    "feature": "meanfun",
    "global_mean": 0.1428067342792263,
    "global_std": 0.0322993336208102,
    "zspace": {
      "female": {
        "mean": 0.833921071200879,
        "std": 0.5713577210807013
      },
      "male": {
        "mean": -0.8339210712008799,
        "std": 0.5316969518210759
      }
    }
  },
  "resonance": {
    "features": [
      "sp.ent",
      "sfm",
      "centroid",
      "meanfreq",
      "IQR",
      "Q25",
      "Q75",
      "sd",
      "kurt",
      "skew",
      "dfrange",
      "modindx",
      "mode",
      "median",
      "meandom"
    ],
    "weights_abs_normed": [
      0.1825533911510794,
      0.22141645075687372,
      0.01647973850380003,
      0.01647973850380003,
      0.1825810534901543,
      0.11831197221892825,
      0.0858625515086842,
      0.019593643964373797,
      0.0461649585141902,
      0.03437821603420753,
      0.003722643674504084,
      0.047271047605112734,
      0.007604263895715051,
      0.006263357540146715,
      0.011316972638429925
    ],
    "zspace": {
      "female": {
        "mean": 0.20102478014847808,
        "std": 0.28831504919922507
      },
      "male": {
        "mean": -0.201024780148479,
        "std": 0.16976304183536217
      }
    }
  },
  "features_summary": {
    "meanfreq": {
      "female": {
        "mean": 0.19099973070217655,
        "std": 0.02995019440247077
      },
      "male": {
        "mean": 0.1708134900395076,
        "std": 0.026245622003496248
      }
    },
    "sd": {
      "female": {
        "mean": 0.0491418260785281,
        "std": 0.018373768365697003
      },
      "male": {
        "mean": 0.06511010373532053,
        "std": 0.009451523404388228
      }
    },
    "median": {
      "female": {
        "mean": 0.1959423931104709,
        "std": 0.032138816815921685
      },
      "male": {
        "mean": 0.17529895983666735,
        "std": 0.037380564884714446
      }
    },
    "Q25": {
      "female": {
        "mean": 0.1653491470553445,
        "std": 0.049751737000555456
      },
      "male": {
        "mean": 0.1155620339152924,
        "std": 0.031989369924754305
      }
    },
    "Q75": {
      "female": {
        "mean": 0.22318359968875595,
        "std": 0.023113491780738325
      },
      "male": {
        "mean": 0.2263463231411875,
        "std": 0.02404253014460182
      }
    },
    "IQR": {
      "female": {
        "mean": 0.057834452633411415,
        "std": 0.0429102064563538
      },
      "male": {
        "mean": 0.11078428922589502,
        "std": 0.020408221867250803
      }
    },
    "skew": {
      "female": {
        "mean": 2.984874779082696,
        "std": 3.090478451268742
      },
      "male": {
        "mean": 3.2954602611469395,
        "std": 5.133568591443172
      }
    },
    "kurt": {
      "female": {
        "mean": 24.80522403977572,
        "std": 97.6382796492103
      },
      "male": {
        "mean": 48.331697542833474,
        "std": 163.06444305937882
      }
    },
    "sp.ent": {
      "female": {
        "mean": 0.8730657434115775,
        "std": 0.04727308844827711
      },
      "male": {
        "mean": 0.9171883852533284,
        "std": 0.028929020923933634
      }
    },
    "sfm": {
      "female": {
        "mean": 0.3447628850666762,
        "std": 0.17979737348507183
      },
      "male": {
        "mean": 0.47166993782336214,
        "std": 0.15042537977614423
      }
    },
    "mode": {
      "female": {
        "mean": 0.17854122404056533,
        "std": 0.06715357872764592
      },
      "male": {
        "mean": 0.15202236946320366,
        "std": 0.08399773757421687
      }
    },
    "centroid": {
      "female": {
        "mean": 0.19099973070217655,
        "std": 0.02995019440247077
      },
      "male": {
        "mean": 0.1708134900395076,
        "std": 0.026245622003496248
      }
    },
    "meanfun": {
      "female": {
        "mean": 0.1697418291713669,
        "std": 0.01845447365001139
      },
      "male": {
        "mean": 0.11587163938708567,
        "std": 0.01717345723203678
      }
    },
    "minfun": {
      "female": {
        "mean": 0.03942860765865026,
        "std": 0.021837833856399057
      },
      "male": {
        "mean": 0.034175009015664906,
        "std": 0.01574448389101718
      }
    },
    "maxfun": {
      "female": {
        "mean": 0.2638481642781693,
        "std": 0.021521757954231335
      },
      "male": {
        "mean": 0.2538363272609532,
        "std": 0.03599185275391813
      }
    },
    "meandom": {
      "female": {
        "mean": 0.92954443622618,
        "std": 0.5767017781084617
      },
      "male": {
        "mean": 0.7288774831847668,
        "std": 0.4458564326332901
      }
    },
    "mindom": {
      "female": {
        "mean": 0.06498684353298612,
        "std": 0.07271556600289415
      },
      "male": {
        "mean": 0.04030724727746212,
        "std": 0.04918356967218275
      }
    },
    "maxdom": {
      "female": {
        "mean": 5.736106949623185,
        "std": 3.8528248179812192
      },
      "male": {
        "mean": 4.358446525804924,
        "std": 2.999337793982697
      }
    },
    "dfrange": {
      "female": {
        "mean": 5.671120106090199,
        "std": 3.8549068055987874
      },
      "male": {
        "mean": 4.318139278527462,
        "std": 2.999657209811619
      }
    },
    "modindx": {
      "female": {
        "mean": 0.1700727703104584,
        "std": 0.10760548016782392
      },
      "male": {
        "mean": 0.17743024198767637,
        "std": 0.13009107699460115
      }
    }
  },
  "coeff_source": "user_provided_logreg_coefs",
  "svg": {
    "input": "Scheme2.svg",
    "output": "Scheme2_overlay.svg",
    "viewBox": {
      "x0": 0.0,
      "y0": 0.0,
      "w": 552.0,
      "h": 552.0,
      "center": {
        "cx": 276.0,
        "cy": 276.0
      }
    },
    "scale": {
      "sigma_x_to_quarter": 2.0,
      "sigma_y_to_quarter": 2.0
    },
    "points": {
      "female_avg": {
        "x": 289.870709830245,
        "y": 218.45944608713936,
        "r": 29.658710574657462
      },
      "male_avg": {
        "x": 262.12929016975494,
        "y": 333.54055391286073,
        "r": 24.200369781147113
      }
    }
  }
}