{
  "source": "Provided by user as correct coefficients",
  "features": {
    "meanfun": -4.927502015869142,
    "sfm": -1.6280976137646412,
    "IQR": 1.3425369998020633,
    "sp.ent": 1.3423335958179192,
    "Q25": -0.8699599284108105,
    "Q75": 0.631356047597979,
    "minfun": 0.5222923943531044,
    "modindx": -0.34758880626510796,
    "kurt": -0.33945562102351334,
    "skew": -0.25278650840735245,
    "sd": 0.14407405084087058,
    "meanfreq": -0.12117718824317832,
    "centroid": -0.12117718824317832,
    "meandom": 0.08321484733715298,
    "mode": 0.055914923487978205,
    "median": -0.046055103089267954,
    "mindom": -0.044278276019513105,
    "dfrange": 0.027372976410010404,
    "maxdom": 0.026568851228527552,
    "maxfun": 0.017921251755893777
  }
}

